profile_image,name,display_date,image,like_count,title,sub_copy
https://t1.kakaocdn.net/friends/test/main_tab/feed/npc_20201109161547.png,ì¶˜ì‹ì´,3ì‹œê°„ ì „,https://t1.kakaocdn.net/friends/prod/main_tab/feed/media/media_0_20201215175335.jpg,255,"â­ì¶•/ë°/ë·”/ì„/ë°•â­
ë‘ê·¼ ë‘ê·¼..ì¶˜ì‹ì´ êµ¿ì¦ˆ ë°ë·” D-2!","12ì›” 17ì¼, ì˜¨ë¼ì¸ìŠ¤í† ì–´ì—ì„œ ìµœì´ˆ ê³µê°œë˜ëŠ”
ì¶˜ì‹ì´ êµ¿ì¦ˆì™€ ë§Œë‚˜ìš”!"
https://t1.kakaocdn.net/friends/test/main_tab/feed/npc_20201109161547.png,ì¶˜ì‹ì´,3ì‹œê°„ ì „,https://t1.kakaocdn.net/friends/prod/main_tab/feed/media/media_0_20201215175505.jpg,255,"â­ì¶•/ë°/ë·”/ì„/ë°•â­
ë‘ê·¼ ë‘ê·¼..ì¶˜ì‹ì´ êµ¿ì¦ˆ ë°ë·” D-2!","12ì›” 17ì¼, ì˜¨ë¼ì¸ìŠ¤í† ì–´ì—ì„œ ìµœì´ˆ ê³µê°œë˜ëŠ”
ì¶˜ì‹ì´ êµ¿ì¦ˆì™€ ë§Œë‚˜ìš”!"
https://t1.kakaocdn.net/friends/test/main_tab/feed/npc_20201109161547.png,ì¶˜ì‹ì´,3ì‹œê°„ ì „,https://t1.kakaocdn.net/friends/prod/main_tab/feed/media/media_1_20201215175506.jpg,255,"â­ì¶•/ë°/ë·”/ì„/ë°•â­
ë‘ê·¼ ë‘ê·¼..ì¶˜ì‹ì´ êµ¿ì¦ˆ ë°ë·” D-2!","12ì›” 17ì¼, ì˜¨ë¼ì¸ìŠ¤í† ì–´ì—ì„œ ìµœì´ˆ ê³µê°œë˜ëŠ”
ì¶˜ì‹ì´ êµ¿ì¦ˆì™€ ë§Œë‚˜ìš”!"
https://t1.kakaocdn.net/friends/test/main_tab/feed/npc_20201109161547.png,ì¶˜ì‹ì´,3ì‹œê°„ ì „,https://t1.kakaocdn.net/friends/prod/main_tab/feed/media/media_2_20201215175506.jpg,255,"â­ì¶•/ë°/ë·”/ì„/ë°•â­
ë‘ê·¼ ë‘ê·¼..ì¶˜ì‹ì´ êµ¿ì¦ˆ ë°ë·” D-2!","12ì›” 17ì¼, ì˜¨ë¼ì¸ìŠ¤í† ì–´ì—ì„œ ìµœì´ˆ ê³µê°œë˜ëŠ”
ì¶˜ì‹ì´ êµ¿ì¦ˆì™€ ë§Œë‚˜ìš”!"
https://t1.kakaocdn.net/friends/test/main_tab/feed/npc_20201109161342.png,ì½˜,1ì‹œê°„ ì „,https://t1.kakaocdn.net/friends/new_store/prod/main_tab/feed/media/media_0_20201123230713.jpg,470,"ì ë“¤ê³  ì‹¶ì§€ë§Œ
ì ë“¤ ìˆ˜ ì—†ì„ ë•Œ","ì–‘ í•œ ë§ˆë¦¬, ì–‘ ë‘ ë§ˆë¦¬â€¦ ì„¸ë©´ ì…€ìˆ˜ë¡ ë˜ë ·í•´ì§€ëŠ” ì •ì‹ ğŸ˜±
ê¿ˆë‚˜ë¼ë¡œ ì§í–‰í•˜ëŠ” ë¹„ê²°ì´ ê¶ê¸ˆí•´."
https://t1.kakaocdn.net/friends/test/main_tab/feed/npc_20201109161342.png,ì½˜,1ì‹œê°„ ì „,https://t1.kakaocdn.net/friends/new_store/prod/main_tab/feed/media/media_1_20201123230714.jpg,470,"ì ë“¤ê³  ì‹¶ì§€ë§Œ
ì ë“¤ ìˆ˜ ì—†ì„ ë•Œ","ì–‘ í•œ ë§ˆë¦¬, ì–‘ ë‘ ë§ˆë¦¬â€¦ ì„¸ë©´ ì…€ìˆ˜ë¡ ë˜ë ·í•´ì§€ëŠ” ì •ì‹ ğŸ˜±
ê¿ˆë‚˜ë¼ë¡œ ì§í–‰í•˜ëŠ” ë¹„ê²°ì´ ê¶ê¸ˆí•´."
https://t1.kakaocdn.net/friends/test/main_tab/feed/npc_20201109161342.png,ì½˜,1ì‹œê°„ ì „,https://t1.kakaocdn.net/friends/new_store/prod/main_tab/feed/media/media_2_20201123230714.jpg,470,"ì ë“¤ê³  ì‹¶ì§€ë§Œ
ì ë“¤ ìˆ˜ ì—†ì„ ë•Œ","ì–‘ í•œ ë§ˆë¦¬, ì–‘ ë‘ ë§ˆë¦¬â€¦ ì„¸ë©´ ì…€ìˆ˜ë¡ ë˜ë ·í•´ì§€ëŠ” ì •ì‹ ğŸ˜±
ê¿ˆë‚˜ë¼ë¡œ ì§í–‰í•˜ëŠ” ë¹„ê²°ì´ ê¶ê¸ˆí•´."
https://t1.kakaocdn.net/friends/test/main_tab/feed/npc_20201109161342.png,ì½˜,1ì‹œê°„ ì „,https://t1.kakaocdn.net/friends/new_store/prod/main_tab/feed/media/media_3_20201123230714.jpg,470,"ì ë“¤ê³  ì‹¶ì§€ë§Œ
ì ë“¤ ìˆ˜ ì—†ì„ ë•Œ","ì–‘ í•œ ë§ˆë¦¬, ì–‘ ë‘ ë§ˆë¦¬â€¦ ì„¸ë©´ ì…€ìˆ˜ë¡ ë˜ë ·í•´ì§€ëŠ” ì •ì‹ ğŸ˜±
ê¿ˆë‚˜ë¼ë¡œ ì§í–‰í•˜ëŠ” ë¹„ê²°ì´ ê¶ê¸ˆí•´."
https://t1.kakaocdn.net/friends/test/main_tab/feed/npc_20201109161342.png,ì½˜,1ì‹œê°„ ì „,https://t1.kakaocdn.net/friends/new_store/prod/main_tab/feed/media/media_4_20201123230714.jpg,470,"ì ë“¤ê³  ì‹¶ì§€ë§Œ
ì ë“¤ ìˆ˜ ì—†ì„ ë•Œ","ì–‘ í•œ ë§ˆë¦¬, ì–‘ ë‘ ë§ˆë¦¬â€¦ ì„¸ë©´ ì…€ìˆ˜ë¡ ë˜ë ·í•´ì§€ëŠ” ì •ì‹ ğŸ˜±
ê¿ˆë‚˜ë¼ë¡œ ì§í–‰í•˜ëŠ” ë¹„ê²°ì´ ê¶ê¸ˆí•´."
https://t1.kakaocdn.net/friends/test/main_tab/feed/npc_20201109161148.png,ë¼ì´ì–¸,1ì¼ ì „,https://t1.kakaocdn.net/friends/prod/main_tab/feed/media/media_0_20201214083214.jpg,541,"(ë¹°)ì™„ì „ì²´ë¡œ ëŒì•„ì™”ë‹¤(ë¹°)
ìœ™í¬ ë‚ ë ¤~ë½€ì§í•¨ ë‚ ë ¤ í›",í•œ ìª½ ëˆˆ ê·¸ë ‡ê²Œ ê°ì•„ë²„ë¦¬ë©´ ì„¤ë ˆì„œ ì–´ë–¡í–‰
https://t1.kakaocdn.net/friends/test/main_tab/feed/npc_20201109161148.png,ë¼ì´ì–¸,1ì¼ ì „,https://t1.kakaocdn.net/friends/prod/main_tab/feed/media/media_1_20201214083214.jpg,541,"(ë¹°)ì™„ì „ì²´ë¡œ ëŒì•„ì™”ë‹¤(ë¹°)
ìœ™í¬ ë‚ ë ¤~ë½€ì§í•¨ ë‚ ë ¤ í›",í•œ ìª½ ëˆˆ ê·¸ë ‡ê²Œ ê°ì•„ë²„ë¦¬ë©´ ì„¤ë ˆì„œ ì–´ë–¡í–‰
https://t1.kakaocdn.net/friends/test/main_tab/feed/npc_20201109161148.png,ë¼ì´ì–¸,1ì¼ ì „,https://t1.kakaocdn.net/friends/prod/main_tab/feed/media/media_2_20201214083214.jpg,541,"(ë¹°)ì™„ì „ì²´ë¡œ ëŒì•„ì™”ë‹¤(ë¹°)
ìœ™í¬ ë‚ ë ¤~ë½€ì§í•¨ ë‚ ë ¤ í›",í•œ ìª½ ëˆˆ ê·¸ë ‡ê²Œ ê°ì•„ë²„ë¦¬ë©´ ì„¤ë ˆì„œ ì–´ë–¡í–‰
https://t1.kakaocdn.net/friends/test/main_tab/feed/npc_20201109161148.png,ë¼ì´ì–¸,1ì¼ ì „,https://t1.kakaocdn.net/friends/prod/main_tab/feed/media/media_3_20201214083215.jpg,541,"(ë¹°)ì™„ì „ì²´ë¡œ ëŒì•„ì™”ë‹¤(ë¹°)
ìœ™í¬ ë‚ ë ¤~ë½€ì§í•¨ ë‚ ë ¤ í›",í•œ ìª½ ëˆˆ ê·¸ë ‡ê²Œ ê°ì•„ë²„ë¦¬ë©´ ì„¤ë ˆì„œ ì–´ë–¡í–‰
https://t1.kakaocdn.net/friends/test/main_tab/feed/npc_20201109161148.png,ë¼ì´ì–¸,1ì¼ ì „,https://t1.kakaocdn.net/friends/prod/main_tab/feed/media/media_0_20201214083223.jpg,541,"(ë¹°)ì™„ì „ì²´ë¡œ ëŒì•„ì™”ë‹¤(ë¹°)
ìœ™í¬ ë‚ ë ¤~ë½€ì§í•¨ ë‚ ë ¤ í›",í•œ ìª½ ëˆˆ ê·¸ë ‡ê²Œ ê°ì•„ë²„ë¦¬ë©´ ì„¤ë ˆì„œ ì–´ë–¡í–‰
https://t1.kakaocdn.net/friends/test/main_tab/feed/npc_20201109161148.png,ë¼ì´ì–¸,1ì¼ ì „,https://t1.kakaocdn.net/friends/prod/main_tab/feed/media/media_0_20201214083233.jpg,541,"(ë¹°)ì™„ì „ì²´ë¡œ ëŒì•„ì™”ë‹¤(ë¹°)
ìœ™í¬ ë‚ ë ¤~ë½€ì§í•¨ ë‚ ë ¤ í›",í•œ ìª½ ëˆˆ ê·¸ë ‡ê²Œ ê°ì•„ë²„ë¦¬ë©´ ì„¤ë ˆì„œ ì–´ë–¡í–‰
https://t1.kakaocdn.net/friends/test/main_tab/feed/npc_20201109161148.png,ë¼ì´ì–¸,1ì¼ ì „,https://t1.kakaocdn.net/friends/prod/main_tab/feed/media/media_1_20201214083233.jpg,541,"(ë¹°)ì™„ì „ì²´ë¡œ ëŒì•„ì™”ë‹¤(ë¹°)
ìœ™í¬ ë‚ ë ¤~ë½€ì§í•¨ ë‚ ë ¤ í›",í•œ ìª½ ëˆˆ ê·¸ë ‡ê²Œ ê°ì•„ë²„ë¦¬ë©´ ì„¤ë ˆì„œ ì–´ë–¡í–‰
https://t1.kakaocdn.net/friends/test/main_tab/feed/npc_20201109161148.png,ë¼ì´ì–¸,1ì¼ ì „,https://t1.kakaocdn.net/friends/prod/main_tab/feed/media/media_0_20201214083242.jpg,541,"(ë¹°)ì™„ì „ì²´ë¡œ ëŒì•„ì™”ë‹¤(ë¹°)
ìœ™í¬ ë‚ ë ¤~ë½€ì§í•¨ ë‚ ë ¤ í›",í•œ ìª½ ëˆˆ ê·¸ë ‡ê²Œ ê°ì•„ë²„ë¦¬ë©´ ì„¤ë ˆì„œ ì–´ë–¡í–‰
https://t1.kakaocdn.net/friends/test/main_tab/feed/npc_20201109161148.png,ë¼ì´ì–¸,1ì¼ ì „,https://t1.kakaocdn.net/friends/prod/main_tab/feed/media/media_1_20201214083242.jpg,541,"(ë¹°)ì™„ì „ì²´ë¡œ ëŒì•„ì™”ë‹¤(ë¹°)
ìœ™í¬ ë‚ ë ¤~ë½€ì§í•¨ ë‚ ë ¤ í›",í•œ ìª½ ëˆˆ ê·¸ë ‡ê²Œ ê°ì•„ë²„ë¦¬ë©´ ì„¤ë ˆì„œ ì–´ë–¡í–‰
https://t1.kakaocdn.net/friends/test/main_tab/feed/npc_20201120114219.png,ì–´í”¼ì¹˜,2020.12.02,https://t1.kakaocdn.net/friends/prod/main_tab/feed/media/media_0_20201202145154.jpg,335,"ìš•ì‹¤ì— íë§í…œ
êµ¬ë¹„ ì™„ë£Œ!ğŸ¤Ÿ",ëˆ„ê°€ ë‚˜ ì”»ëŠ”ê±° ì‹«ì–´í•œë‹¤ ê·¸ë¬ì˜¤. ëˆ„êµ¬ì•¼ ë‚˜ì™€ë´ë°”.
https://t1.kakaocdn.net/friends/test/main_tab/feed/npc_20201109161148.png,ë¼ì´ì–¸,2020.12.09,https://t1.kakaocdn.net/friends/prod/main_tab/feed/media/media_0_20201208205042.jpg,"6,171","ë•ë¶„ì— ì˜¬í•´ë¥¼ ê²¬ë”˜
ì—¬ëŸ¬ë¶„ì˜ ê¾¹ê¾¹ì´ëŠ”?","ì¡°ê¸ˆ ì‹œë„ëŸ¬ì› ë˜ ì˜¬í•´,
ë§‰ë§‰í•¨ê³¼ ë¶ˆì•ˆí•¨ì„ í•¨ê»˜ ë‹¤ë…ì¸
ì—¬ëŸ¬ë¶„ì˜ ì¶˜ì‹ì´ëŠ” ëˆ„êµ¬ì¸ê°€ìš”.

ëŒ“ê¸€ì„ ... ë”ë³´ê¸°"
https://t1.kakaocdn.net/friends/test/main_tab/feed/npc_20201109161148.png,ë¼ì´ì–¸,2020.12.09,https://t1.kakaocdn.net/friends/prod/main_tab/feed/media/media_0_20201208205048.jpg,"6,171","ë•ë¶„ì— ì˜¬í•´ë¥¼ ê²¬ë”˜
ì—¬ëŸ¬ë¶„ì˜ ê¾¹ê¾¹ì´ëŠ”?","ì¡°ê¸ˆ ì‹œë„ëŸ¬ì› ë˜ ì˜¬í•´,
ë§‰ë§‰í•¨ê³¼ ë¶ˆì•ˆí•¨ì„ í•¨ê»˜ ë‹¤ë…ì¸
ì—¬ëŸ¬ë¶„ì˜ ì¶˜ì‹ì´ëŠ” ëˆ„êµ¬ì¸ê°€ìš”.

ëŒ“ê¸€ì„ ... ë”ë³´ê¸°"
https://t1.kakaocdn.net/friends/test/main_tab/feed/npc_20201109161148.png,ë¼ì´ì–¸,2020.12.09,https://t1.kakaocdn.net/friends/prod/main_tab/feed/media/media_1_20201208205048.jpg,"6,171","ë•ë¶„ì— ì˜¬í•´ë¥¼ ê²¬ë”˜
ì—¬ëŸ¬ë¶„ì˜ ê¾¹ê¾¹ì´ëŠ”?","ì¡°ê¸ˆ ì‹œë„ëŸ¬ì› ë˜ ì˜¬í•´,
ë§‰ë§‰í•¨ê³¼ ë¶ˆì•ˆí•¨ì„ í•¨ê»˜ ë‹¤ë…ì¸
ì—¬ëŸ¬ë¶„ì˜ ì¶˜ì‹ì´ëŠ” ëˆ„êµ¬ì¸ê°€ìš”.

ëŒ“ê¸€ì„ ... ë”ë³´ê¸°"
https://t1.kakaocdn.net/friends/test/main_tab/feed/npc_20201109161148.png,ë¼ì´ì–¸,2020.12.09,https://t1.kakaocdn.net/friends/prod/main_tab/feed/media/media_0_20201208205056.jpg,"6,171","ë•ë¶„ì— ì˜¬í•´ë¥¼ ê²¬ë”˜
ì—¬ëŸ¬ë¶„ì˜ ê¾¹ê¾¹ì´ëŠ”?","ì¡°ê¸ˆ ì‹œë„ëŸ¬ì› ë˜ ì˜¬í•´,
ë§‰ë§‰í•¨ê³¼ ë¶ˆì•ˆí•¨ì„ í•¨ê»˜ ë‹¤ë…ì¸
ì—¬ëŸ¬ë¶„ì˜ ì¶˜ì‹ì´ëŠ” ëˆ„êµ¬ì¸ê°€ìš”.

ëŒ“ê¸€ì„ ... ë”ë³´ê¸°"
https://t1.kakaocdn.net/friends/test/main_tab/feed/npc_20201109161148.png,ë¼ì´ì–¸,2020.12.09,https://t1.kakaocdn.net/friends/prod/main_tab/feed/media/media_0_20201208205103.jpg,"6,171","ë•ë¶„ì— ì˜¬í•´ë¥¼ ê²¬ë”˜
ì—¬ëŸ¬ë¶„ì˜ ê¾¹ê¾¹ì´ëŠ”?","ì¡°ê¸ˆ ì‹œë„ëŸ¬ì› ë˜ ì˜¬í•´,
ë§‰ë§‰í•¨ê³¼ ë¶ˆì•ˆí•¨ì„ í•¨ê»˜ ë‹¤ë…ì¸
ì—¬ëŸ¬ë¶„ì˜ ì¶˜ì‹ì´ëŠ” ëˆ„êµ¬ì¸ê°€ìš”.

ëŒ“ê¸€ì„ ... ë”ë³´ê¸°"
https://t1.kakaocdn.net/friends/test/main_tab/feed/npc_20201109161148.png,ë¼ì´ì–¸,2020.12.09,https://t1.kakaocdn.net/friends/prod/main_tab/feed/media/media_1_20201208205103.jpg,"6,171","ë•ë¶„ì— ì˜¬í•´ë¥¼ ê²¬ë”˜
ì—¬ëŸ¬ë¶„ì˜ ê¾¹ê¾¹ì´ëŠ”?","ì¡°ê¸ˆ ì‹œë„ëŸ¬ì› ë˜ ì˜¬í•´,
ë§‰ë§‰í•¨ê³¼ ë¶ˆì•ˆí•¨ì„ í•¨ê»˜ ë‹¤ë…ì¸
ì—¬ëŸ¬ë¶„ì˜ ì¶˜ì‹ì´ëŠ” ëˆ„êµ¬ì¸ê°€ìš”.

ëŒ“ê¸€ì„ ... ë”ë³´ê¸°"
https://t1.kakaocdn.net/friends/test/main_tab/feed/npc_20201109161148.png,ë¼ì´ì–¸,2020.12.09,https://t1.kakaocdn.net/friends/prod/main_tab/feed/media/media_2_20201208205103.jpg,"6,171","ë•ë¶„ì— ì˜¬í•´ë¥¼ ê²¬ë”˜
ì—¬ëŸ¬ë¶„ì˜ ê¾¹ê¾¹ì´ëŠ”?","ì¡°ê¸ˆ ì‹œë„ëŸ¬ì› ë˜ ì˜¬í•´,
ë§‰ë§‰í•¨ê³¼ ë¶ˆì•ˆí•¨ì„ í•¨ê»˜ ë‹¤ë…ì¸
ì—¬ëŸ¬ë¶„ì˜ ì¶˜ì‹ì´ëŠ” ëˆ„êµ¬ì¸ê°€ìš”.

ëŒ“ê¸€ì„ ... ë”ë³´ê¸°"
https://t1.kakaocdn.net/friends/test/main_tab/feed/npc_20201109161148.png,ë¼ì´ì–¸,2020.12.09,https://t1.kakaocdn.net/friends/prod/main_tab/feed/media/media_3_20201208205104.jpg,"6,171","ë•ë¶„ì— ì˜¬í•´ë¥¼ ê²¬ë”˜
ì—¬ëŸ¬ë¶„ì˜ ê¾¹ê¾¹ì´ëŠ”?","ì¡°ê¸ˆ ì‹œë„ëŸ¬ì› ë˜ ì˜¬í•´,
ë§‰ë§‰í•¨ê³¼ ë¶ˆì•ˆí•¨ì„ í•¨ê»˜ ë‹¤ë…ì¸
ì—¬ëŸ¬ë¶„ì˜ ì¶˜ì‹ì´ëŠ” ëˆ„êµ¬ì¸ê°€ìš”.

ëŒ“ê¸€ì„ ... ë”ë³´ê¸°"
https://t1.kakaocdn.net/friends/test/main_tab/feed/npc_20201109161148.png,ë¼ì´ì–¸,2020.12.09,https://t1.kakaocdn.net/friends/prod/main_tab/feed/media/media_0_20201208205115.jpg,"6,171","ë•ë¶„ì— ì˜¬í•´ë¥¼ ê²¬ë”˜
ì—¬ëŸ¬ë¶„ì˜ ê¾¹ê¾¹ì´ëŠ”?","ì¡°ê¸ˆ ì‹œë„ëŸ¬ì› ë˜ ì˜¬í•´,
ë§‰ë§‰í•¨ê³¼ ë¶ˆì•ˆí•¨ì„ í•¨ê»˜ ë‹¤ë…ì¸
ì—¬ëŸ¬ë¶„ì˜ ì¶˜ì‹ì´ëŠ” ëˆ„êµ¬ì¸ê°€ìš”.

ëŒ“ê¸€ì„ ... ë”ë³´ê¸°"
https://t1.kakaocdn.net/friends/test/main_tab/feed/npc_20201109161328.png,ì œì´ì§€,11ì‹œê°„ ì „,https://t1.kakaocdn.net/friends/prod/main_tab/feed/media/media_0_20201213084850.jpg,518,ì˜¬í•¸ LV3.ëŒíŒŒí–ˆì–´!,ë‚´ë…„ì—” ë ™ì—…í•œë‹¤! ë‹¤ë“¤ ëª‡ë ™?ğŸ¤­
https://t1.kakaocdn.net/friends/test/main_tab/feed/npc_20201109161328.png,ì œì´ì§€,11ì‹œê°„ ì „,https://t1.kakaocdn.net/friends/prod/main_tab/feed/media/media_1_20201213084850.jpg,518,ì˜¬í•¸ LV3.ëŒíŒŒí–ˆì–´!,ë‚´ë…„ì—” ë ™ì—…í•œë‹¤! ë‹¤ë“¤ ëª‡ë ™?ğŸ¤­
https://t1.kakaocdn.net/friends/test/main_tab/feed/npc_20201109161328.png,ì œì´ì§€,11ì‹œê°„ ì „,https://t1.kakaocdn.net/friends/prod/main_tab/feed/media/media_2_20201213084850.jpg,518,ì˜¬í•¸ LV3.ëŒíŒŒí–ˆì–´!,ë‚´ë…„ì—” ë ™ì—…í•œë‹¤! ë‹¤ë“¤ ëª‡ë ™?ğŸ¤­
https://t1.kakaocdn.net/friends/test/main_tab/feed/npc_20201109161328.png,ì œì´ì§€,11ì‹œê°„ ì „,https://t1.kakaocdn.net/friends/prod/main_tab/feed/media/media_3_20201213084850.jpg,518,ì˜¬í•¸ LV3.ëŒíŒŒí–ˆì–´!,ë‚´ë…„ì—” ë ™ì—…í•œë‹¤! ë‹¤ë“¤ ëª‡ë ™?ğŸ¤­
https://t1.kakaocdn.net/friends/test/main_tab/feed/npc_20201109161328.png,ì œì´ì§€,11ì‹œê°„ ì „,https://t1.kakaocdn.net/friends/prod/main_tab/feed/media/media_4_20201213084850.jpg,518,ì˜¬í•¸ LV3.ëŒíŒŒí–ˆì–´!,ë‚´ë…„ì—” ë ™ì—…í•œë‹¤! ë‹¤ë“¤ ëª‡ë ™?ğŸ¤­
https://t1.kakaocdn.net/friends/test/main_tab/feed/npc_20201109161328.png,ì œì´ì§€,11ì‹œê°„ ì „,https://t1.kakaocdn.net/friends/prod/main_tab/feed/media/media_5_20201213084850.jpg,518,ì˜¬í•¸ LV3.ëŒíŒŒí–ˆì–´!,ë‚´ë…„ì—” ë ™ì—…í•œë‹¤! ë‹¤ë“¤ ëª‡ë ™?ğŸ¤­
https://t1.kakaocdn.net/friends/test/main_tab/feed/npc_20201120114219.png,ì–´í”¼ì¹˜,1ì¼ ì „,https://t1.kakaocdn.net/friends/prod/main_tab/feed/media/media_0_20201214144245.jpg,125,ë¦¬ì¹˜ ë¦¬ì¹˜ ì•„ì— ì–´ í‘œì • ë¦¬ì¹˜,ëª‡ë²ˆì§¸ í‘œì •ì´ ì œì¼ ë§ˆìŒì— ë“¤ì–´?ğŸ˜‹
https://t1.kakaocdn.net/friends/test/main_tab/feed/npc_20201120114219.png,ì–´í”¼ì¹˜,1ì¼ ì „,https://t1.kakaocdn.net/friends/prod/main_tab/feed/media/media_1_20201214144246.jpg,125,ë¦¬ì¹˜ ë¦¬ì¹˜ ì•„ì— ì–´ í‘œì • ë¦¬ì¹˜,ëª‡ë²ˆì§¸ í‘œì •ì´ ì œì¼ ë§ˆìŒì— ë“¤ì–´?ğŸ˜‹
https://t1.kakaocdn.net/friends/test/main_tab/feed/npc_20201120114219.png,ì–´í”¼ì¹˜,1ì¼ ì „,https://t1.kakaocdn.net/friends/prod/main_tab/feed/media/media_0_20201214145836.jpg,125,ë¦¬ì¹˜ ë¦¬ì¹˜ ì•„ì— ì–´ í‘œì • ë¦¬ì¹˜,ëª‡ë²ˆì§¸ í‘œì •ì´ ì œì¼ ë§ˆìŒì— ë“¤ì–´?ğŸ˜‹
https://t1.kakaocdn.net/friends/test/main_tab/feed/npc_20201120114219.png,ì–´í”¼ì¹˜,1ì¼ ì „,https://t1.kakaocdn.net/friends/prod/main_tab/feed/media/media_0_20201214145839.jpg,125,ë¦¬ì¹˜ ë¦¬ì¹˜ ì•„ì— ì–´ í‘œì • ë¦¬ì¹˜,ëª‡ë²ˆì§¸ í‘œì •ì´ ì œì¼ ë§ˆìŒì— ë“¤ì–´?ğŸ˜‹
https://t1.kakaocdn.net/friends/test/main_tab/feed/npc_20201120114219.png,ì–´í”¼ì¹˜,1ì¼ ì „,https://t1.kakaocdn.net/friends/prod/main_tab/feed/media/media_0_20201214145842.jpg,125,ë¦¬ì¹˜ ë¦¬ì¹˜ ì•„ì— ì–´ í‘œì • ë¦¬ì¹˜,ëª‡ë²ˆì§¸ í‘œì •ì´ ì œì¼ ë§ˆìŒì— ë“¤ì–´?ğŸ˜‹
https://t1.kakaocdn.net/friends/test/main_tab/feed/npc_20201120114219.png,ì–´í”¼ì¹˜,1ì¼ ì „,https://t1.kakaocdn.net/friends/prod/main_tab/feed/media/media_0_20201214145845.jpg,125,ë¦¬ì¹˜ ë¦¬ì¹˜ ì•„ì— ì–´ í‘œì • ë¦¬ì¹˜,ëª‡ë²ˆì§¸ í‘œì •ì´ ì œì¼ ë§ˆìŒì— ë“¤ì–´?ğŸ˜‹
https://t1.kakaocdn.net/friends/test/main_tab/feed/npc_20201120114219.png,ì–´í”¼ì¹˜,1ì¼ ì „,https://t1.kakaocdn.net/friends/prod/main_tab/feed/media/media_0_20201214145855.jpg,125,ë¦¬ì¹˜ ë¦¬ì¹˜ ì•„ì— ì–´ í‘œì • ë¦¬ì¹˜,ëª‡ë²ˆì§¸ í‘œì •ì´ ì œì¼ ë§ˆìŒì— ë“¤ì–´?ğŸ˜‹
https://t1.kakaocdn.net/friends/test/main_tab/feed/npc_20201109161453.png,ì£ ë¥´ë””,2020.12.10,https://t1.kakaocdn.net/friends/prod/main_tab/feed/media/media_0_20201210105805.jpg,"1,003","ì‚¶ì•„ ë¹¨ìˆ˜ ì—†ëŠ” ë‚´ ì†Œì¤‘í…œ!
ì‚´ê·  ì†Œë… ë¹„ë²• ì•Œë ¤ì¤€ë‹¤",ì£ ë¥´ë””ê°€ ì†Œë…í•´ì£¼ê»˜~ìš”ê¸° ë”± ì˜¬ë ¤ë‘ê¸°ë§Œ í•´
https://t1.kakaocdn.net/friends/test/main_tab/feed/npc_20201109161453.png,ì£ ë¥´ë””,2020.12.10,https://t1.kakaocdn.net/friends/prod/main_tab/feed/media/media_0_20201210105825.jpg,"1,003","ì‚¶ì•„ ë¹¨ìˆ˜ ì—†ëŠ” ë‚´ ì†Œì¤‘í…œ!
ì‚´ê·  ì†Œë… ë¹„ë²• ì•Œë ¤ì¤€ë‹¤",ì£ ë¥´ë””ê°€ ì†Œë…í•´ì£¼ê»˜~ìš”ê¸° ë”± ì˜¬ë ¤ë‘ê¸°ë§Œ í•´
https://t1.kakaocdn.net/friends/test/main_tab/feed/npc_20201109161453.png,ì£ ë¥´ë””,2020.12.10,https://t1.kakaocdn.net/friends/prod/main_tab/feed/media/media_1_20201210105825.jpg,"1,003","ì‚¶ì•„ ë¹¨ìˆ˜ ì—†ëŠ” ë‚´ ì†Œì¤‘í…œ!
ì‚´ê·  ì†Œë… ë¹„ë²• ì•Œë ¤ì¤€ë‹¤",ì£ ë¥´ë””ê°€ ì†Œë…í•´ì£¼ê»˜~ìš”ê¸° ë”± ì˜¬ë ¤ë‘ê¸°ë§Œ í•´
https://t1.kakaocdn.net/friends/test/main_tab/feed/npc_20201109161453.png,ì£ ë¥´ë””,2020.12.10,https://t1.kakaocdn.net/friends/prod/main_tab/feed/media/media_2_20201210105825.jpg,"1,003","ì‚¶ì•„ ë¹¨ìˆ˜ ì—†ëŠ” ë‚´ ì†Œì¤‘í…œ!
ì‚´ê·  ì†Œë… ë¹„ë²• ì•Œë ¤ì¤€ë‹¤",ì£ ë¥´ë””ê°€ ì†Œë…í•´ì£¼ê»˜~ìš”ê¸° ë”± ì˜¬ë ¤ë‘ê¸°ë§Œ í•´
https://t1.kakaocdn.net/friends/test/main_tab/feed/npc_20201109161453.png,ì£ ë¥´ë””,2020.12.10,https://t1.kakaocdn.net/friends/prod/main_tab/feed/media/media_3_20201210105826.jpg,"1,003","ì‚¶ì•„ ë¹¨ìˆ˜ ì—†ëŠ” ë‚´ ì†Œì¤‘í…œ!
ì‚´ê·  ì†Œë… ë¹„ë²• ì•Œë ¤ì¤€ë‹¤",ì£ ë¥´ë””ê°€ ì†Œë…í•´ì£¼ê»˜~ìš”ê¸° ë”± ì˜¬ë ¤ë‘ê¸°ë§Œ í•´
https://t1.kakaocdn.net/friends/test/main_tab/feed/npc_20201109161453.png,ì£ ë¥´ë””,2020.12.10,https://t1.kakaocdn.net/friends/prod/main_tab/feed/media/media_4_20201210105826.jpg,"1,003","ì‚¶ì•„ ë¹¨ìˆ˜ ì—†ëŠ” ë‚´ ì†Œì¤‘í…œ!
ì‚´ê·  ì†Œë… ë¹„ë²• ì•Œë ¤ì¤€ë‹¤",ì£ ë¥´ë””ê°€ ì†Œë…í•´ì£¼ê»˜~ìš”ê¸° ë”± ì˜¬ë ¤ë‘ê¸°ë§Œ í•´
https://t1.kakaocdn.net/friends/test/main_tab/feed/npc_20201120114229.png,ë¬´ì§€,2020.12.10,https://t1.kakaocdn.net/friends/prod/main_tab/feed/media/media_0_20201210162505.jpg,170,"ì–‘ì¹˜íƒ€ì„ ê¸°ë‹¤ë¦¬ê²Œ í•˜ëŠ”
ë½€ì§ ì¹«ì†”ì˜ ì‹œëŒ€",I ì¼„íŠ¸ Stop Buying #ì¼„íŠ¸ì¹«ì†”
https://t1.kakaocdn.net/friends/test/main_tab/feed/npc_20201109161148.png,ë¼ì´ì–¸,2020.11.24,http://t1.kakaocdn.net/friends/test/main_tab/feed/media/media_1_20201119145817.jpg,284,"ë°›ì•„ë¼ ì„¸ê· ,
ê¹¨ë—ë¯¼ë‘¥ë¹”!","ì„¸ìƒì„ ë¹›ë‚´ëŠ” ë‚´ í›„ê´‘âš¡
ìŠ¤ì¹˜ê¸°ë§Œ í•´ë„ ê¹¨ë—í•´ì§„ë‹¤êµ¬!"
https://t1.kakaocdn.net/friends/test/main_tab/feed/npc_20201109161148.png,ë¼ì´ì–¸,2020.11.24,http://t1.kakaocdn.net/friends/test/main_tab/feed/media/media_2_20201119145817.jpg,284,"ë°›ì•„ë¼ ì„¸ê· ,
ê¹¨ë—ë¯¼ë‘¥ë¹”!","ì„¸ìƒì„ ë¹›ë‚´ëŠ” ë‚´ í›„ê´‘âš¡
ìŠ¤ì¹˜ê¸°ë§Œ í•´ë„ ê¹¨ë—í•´ì§„ë‹¤êµ¬!"
https://t1.kakaocdn.net/friends/test/main_tab/feed/npc_20201109161148.png,ë¼ì´ì–¸,2020.11.24,http://t1.kakaocdn.net/friends/test/main_tab/feed/media/media_3_20201119145817.jpg,284,"ë°›ì•„ë¼ ì„¸ê· ,
ê¹¨ë—ë¯¼ë‘¥ë¹”!","ì„¸ìƒì„ ë¹›ë‚´ëŠ” ë‚´ í›„ê´‘âš¡
ìŠ¤ì¹˜ê¸°ë§Œ í•´ë„ ê¹¨ë—í•´ì§„ë‹¤êµ¬!"
https://t1.kakaocdn.net/friends/test/main_tab/feed/npc_20201109161148.png,ë¼ì´ì–¸,2020.11.24,http://t1.kakaocdn.net/friends/test/main_tab/feed/media/media_4_20201119145818.jpg,284,"ë°›ì•„ë¼ ì„¸ê· ,
ê¹¨ë—ë¯¼ë‘¥ë¹”!","ì„¸ìƒì„ ë¹›ë‚´ëŠ” ë‚´ í›„ê´‘âš¡
ìŠ¤ì¹˜ê¸°ë§Œ í•´ë„ ê¹¨ë—í•´ì§„ë‹¤êµ¬!"
https://t1.kakaocdn.net/friends/test/main_tab/feed/npc_20201109161148.png,ë¼ì´ì–¸,2020.11.24,http://t1.kakaocdn.net/friends/test/main_tab/feed/media/media_5_20201119145818.jpg,284,"ë°›ì•„ë¼ ì„¸ê· ,
ê¹¨ë—ë¯¼ë‘¥ë¹”!","ì„¸ìƒì„ ë¹›ë‚´ëŠ” ë‚´ í›„ê´‘âš¡
ìŠ¤ì¹˜ê¸°ë§Œ í•´ë„ ê¹¨ë—í•´ì§„ë‹¤êµ¬!"
https://t1.kakaocdn.net/friends/test/main_tab/feed/npc_20201109161148.png,ë¼ì´ì–¸,2020.11.24,http://t1.kakaocdn.net/friends/test/main_tab/feed/media/media_6_20201119145818.jpg,284,"ë°›ì•„ë¼ ì„¸ê· ,
ê¹¨ë—ë¯¼ë‘¥ë¹”!","ì„¸ìƒì„ ë¹›ë‚´ëŠ” ë‚´ í›„ê´‘âš¡
ìŠ¤ì¹˜ê¸°ë§Œ í•´ë„ ê¹¨ë—í•´ì§„ë‹¤êµ¬!"
https://t1.kakaocdn.net/friends/test/main_tab/feed/npc_20201109161148.png,ë¼ì´ì–¸,2020.11.24,http://t1.kakaocdn.net/friends/test/main_tab/feed/media/media_7_20201119145818.jpg,284,"ë°›ì•„ë¼ ì„¸ê· ,
ê¹¨ë—ë¯¼ë‘¥ë¹”!","ì„¸ìƒì„ ë¹›ë‚´ëŠ” ë‚´ í›„ê´‘âš¡
ìŠ¤ì¹˜ê¸°ë§Œ í•´ë„ ê¹¨ë—í•´ì§„ë‹¤êµ¬!"
